CustomerID,FirstName,LastName,Age,Weight
100001,桂香,陶,43,237
100002,Zoé,Pasquier,83,221
100003,Scott,Price,69,151
100004,Lucie,Normand,81,159
100005,充,村上,65,209
100006,Beth,Davies,62,223
100007,Fabrizio,Andreotti,35,232
100008,Bradley,Martin,27,229
100009,James,Vaughn,21,128
100010,Laetitia,Noël,41,198
100011,Jeffrey,Neal,37,135
100012,रीतिका,जयरामन,34,201
100013,英,何,59,229
100014,Daniela,Lamas,74,108
100015,Lisa,Rasmussen,71,218
100016,प्रसन्न,नायर,81,171
100017,नीरव,यादव,29,126
100018,Joanna,Reuter,25,118
100019,Cassidy,Murphy,74,208
100020,Luzie,Gerlach,25,111
100021,Madeleine,Stolze,90,117
100022,Benjamin,Smith,43,110
100023,Andrea,Murray,20,158
100024,Seve,Alba,24,122
100025,Lauren,Willis,82,148
100026,Stefano,Plath,50,225
100027,चण्ड,सेनगुप्ता,84,243
100028,直樹,高橋,29,105
100029,Kirstin,Hellwig,62,166
100030,Tim,Kostolzin,44,200
100031,Alex,Camus,73,110
100032,琴,熊,30,219
100033,उषा,मजूमदार,27,162
100034,Janna,Kaul,77,160
100035,Sante,Callegari,34,230
100036,凤兰,罗,38,149
100037,Pilar,Suarez,69,178
100038,あすか,井上,57,133
100039,राधा,पाटिल,59,185
100040,英樹,佐藤,26,244
100041,Giustino,Bellocchio,90,151
100042,Elliot,Humphries,90,179
100043,Manu,Tamayo,45,132
100044,Eleonore,Lachmann,69,159
100045,कुणाल,मंडल,69,247
100046,June,Dale,34,163
100047,असीम,चोपरा,85,178
100048,Mario,Bevilacqua,82,238
100049,英樹,吉田,38,190
100050,मधुर,गोयल,76,187
100051,直子,鈴木,90,186
100052,桂花,冯,90,150
100053,Kreszenz,Süßebier,19,164
100054,幹,田中,79,204
100055,あすか,池田,70,232
100056,Heather,Wilson,56,115
100057,Cleto,Valenzuela,54,146
100058,Peggy,Langern,61,169
100059,あすか,佐藤,69,101
100060,Corona,Asenjo,74,112
100061,成,倪,43,250
100062,Duncan,Robinson,62,132
100063,Torquato,Cociarelli,83,143
100064,Frank,Randall,58,119
100065,Chema,Martorell,37,144
100066,Rocco,Troisi,34,240
100067,Hortensia,Saldaña,71,191
100068,Thérèse,Mace,89,225
100069,Fedele,Saraceno,71,233
100070,Gerfried,Blümel,53,101
100071,Mark,Woods,31,136
100072,Concepción,Diéguez,23,131
100073,रेशमी,त्रिवेदी,76,123
100074,Stacey,Baird,21,236
100075,Malena,Gomez,82,239
100076,Ulises,Marco,80,194
100077,花子,中島,24,227
100078,Clare,Jenkins,80,195
100079,Dominic,Rust,82,237
100080,Alison,Patel,49,230
100081,Pamela,Hamilton,60,110
100082,Brigitte,Langlois,80,125
100083,Kevin,Marshall,90,142
100084,Fernando,King,65,148
100085,玉兰,邱,42,178
100086,Adriana,Bodoni,45,239
100087,Taylor,Greer,38,220
100088,Pascual,Sierra,52,131
100089,Connor,Patrick,20,125
100090,桃子,坂本,48,217
100091,Milan,Fritsch,82,138
100092,श्रेष्ठ,गुरुंग,64,141
100093,Jesse,Osborne,85,184
100094,शिव,जयरामन,42,215
100095,Erika,Montoya,86,186
100096,Tecla,Ballesteros,24,223
100097,मानदीप,ताम्बे,85,187
100098,Hollie,Wilson,42,214
100099,Cristian,Lago,18,161
100100,Denise,Guilbert,61,201
100101,John,Bean,81,182
100102,Donald,Gibson,27,125
100103,Hedy,Hahn,72,145
100104,Chantal,Giraud,18,174
100105,Maximiliano,Baquero,88,140
100106,Samuel,Butler,49,214
100107,Inès,Collet,19,174
100108,Anacleto,Aller,90,233
100109,Hugues,Muller,55,222
100110,Armida,Cardona,59,227
100111,रोहन,गुरुंग,25,175
100112,倩,谷,24,211
100113,Michael,Castillo,45,196
100114,Maria,Costa,36,239
100115,Paoletta,Medici,82,147
100116,John,Villegas,28,121
100117,Ricciotti,Verdi,60,189
100118,晃,渡辺,86,139
100119,Marcus,Barton,25,168
100120,Ulises,Enríquez,23,123
100121,峰,韩,55,187
100122,Julia,Ali,29,250
100123,Alexis,Sutton,24,138
100124,Orazio,Luna,39,120
100125,Paola,Gremese,18,155
100126,अनुज,भरद्वाज,50,124
100127,Giulietta,Respighi,66,101
100128,Ismail,Fischer,39,248
100129,Custodio,Godoy,55,233
100130,Patricia,Molina,78,150
100131,Desiderio,Iniesta,81,167
100132,Frank,Lamb,58,188
100133,अमृत,मेनन,38,123
100134,浩,李,21,221
100135,Zoé,Pichon,81,149
100136,Michael,Davis,35,195
100137,Keith,Wright,28,181
100138,辉,章,64,110
100139,Iolanda,Bazzi,49,223
100140,Paulo,Gunpf,50,198
100141,दिव्या,जोशी,81,124
100142,桂兰,黄,32,192
100143,陽子,鈴木,52,163
100144,Carolin,Röhrdanz,63,172
100145,Mato,Schmiedecke,56,241
100146,मधुकर,चक्रवर्ती,48,212
100147,Terri,Murray,33,136
100148,Melissa,Zaccardo,90,131
100149,Lara,Delgado,76,221
100150,Philip,Wilson,86,233
100151,晃,三浦,32,185
100152,Alondra,Luna,26,208
100153,Carlota,Diego,89,172
100154,Augustin,Delorme,69,240
100155,Mauricio,España,90,128
100156,Christopher,Becker,36,190
100157,旭,简,37,163
100158,Douglas,Richardson,25,118
100159,Liliana,Udinesi,35,142
100160,Bartolomeo,Lamborghini,27,183
100161,Jessica,Yang,77,136
100162,Amelia,Sims,69,206
100163,Claudio,Sauli,86,192
100164,Zacharie,Leroy,62,242
100165,ज्योत्सना,मल्होत्रा,62,161
100166,Hilario,Arce,50,127
100167,Baldassare,Dulbecco,33,187
100168,Narcisa,Guzmán,74,181
100169,Emily,Aguilar,74,143
100170,Tristan,Germain,19,213
100171,सारिका,मेनन,85,236
100172,Ilonka,Döring,66,135
100173,तृष्णा,सिंह,47,192
100174,Lauren,Bennett,38,191
100175,Teresa,Morse,21,123
100176,Bonnie,Rowe,54,180
100177,Espiridión,Zapata,79,199
100178,मञ्जु,दुत्ता,65,209
100179,Jason,Reyes,88,216
100180,Brett,Mooney,37,164
100181,Gracia,Gallart,75,188
100182,Egbert,Fliegner,46,115
100183,Mike,Taylor,35,236
100184,Concetta,Manzoni,61,182
100185,晃,前田,27,226
100186,Amy,Richards,90,115
100187,Alexander,Clark,76,132
100188,あすか,長谷川,22,224
100189,चण्डा,पाटिल,31,104
100190,Alice,Mendès,80,135
100191,Kelsey,Holmes,38,116
100192,Patrizio,Gentilini,49,143
100193,あすか,伊藤,28,137
100194,秀英,张,79,218
100195,रोहन,दास,79,158
100196,Luz,Ariza,45,242
100197,Lando,Bernardini,87,196
100198,Eckard,Heydrich,51,118
100199,Robert,Ball,27,154
100200,Norman,Miah,40,219
100201,Helmuth,Eimer,48,192
100202,Karen,Taylor,25,154
100203,晨,刘,85,112
100204,Emmanuelle,Boulay,60,161
100205,Aitor,Quintero,44,220
100206,Luigina,Navarria,43,214
100207,Nicholas,Mayo,37,129
100208,ज्योतिष,मालिक,71,249
100209,康弘,中島,53,145
100210,Wolfram,Kroker,51,239
100211,舞,藤田,63,190
100212,Karen,Alvarez,68,234
100213,Vincent,Carre,22,199
100214,Danielle,Fletcher,84,234
100215,想,李,31,243
100216,Leigh,Evans,76,212
100217,Douglas,Jackson,53,164
100218,Chantal,Sauvage,86,157
100219,यश,गावडे,66,175
100220,淳,岡田,71,107
100221,亮介,村上,61,213
100222,कालिदास,झा,67,200
100223,Gabrielle,Charrier,55,110
100224,Monica,Young,20,236
100225,翔太,岡田,22,203
100226,Monique,Fabre,63,181
100227,Gilbert,Allard,50,226
100228,Alfons,Noack,52,164
100229,裕樹,渡辺,19,145
100230,Mariano,Berrè,32,240
100231,花子,遠藤,73,238
100232,陽子,藤田,21,135
100233,Anthony,Hande,34,132
100234,Brigitte,Lemaître,75,119
100235,学,石川,41,196
100236,संजीव,राय,65,149
100237,波,李,28,130
100238,Claudine,Teixeira,20,245
100239,सुरज,मित्रा,31,199
100240,Alexandrie,Gauthier,20,147
100241,帆,朱,57,215
100242,Douglas,Baker,87,135
100243,Christine,Wilson,74,205
100244,Rickey,Mitchell,72,223
100245,Abraham,Dominguez,90,211
100246,Grace,Stewart,73,111
100247,晃,渡辺,46,226
100248,Clara,Manuel,41,191
100249,浩,近藤,27,181
100250,George,West,67,240
100251,Martino,Interiano,72,180
100252,云,李,79,174
100253,Callum,Wright,83,159
100254,Ani,Carbó,85,219
100255,浩,近藤,37,248
100256,Lewis,Rogers,68,173
100257,Josephine,Hauffer,31,249
100258,Hélène,Tanguy,89,142
100259,明美,池田,54,213
100260,Karl-Georg,Jäntsch,63,201
100261,Marvin,Sanders,68,229
100262,Michael,Reynolds,90,238
100263,裕樹,三浦,74,176
100264,Jennifer,Roy,65,131
100265,翼,田中,55,192
100266,龙,徐,18,161
100267,彬,董,59,204
100268,Mohammad,Carsten,80,240
100269,अजित,रॉय,65,149
100270,Eugenia,Pechel,53,103
100271,涛,彭,78,234
100272,William,Bailey,83,160
100273,Amor,Arenas,36,231
100274,Lucie,François,57,170
100275,Isabella,Collodi,79,207
100276,Julie,Snyder,43,148
100277,अणिमा,वेंकटएसन,59,186
100278,Mark,Bruce,61,183
100279,Ekkehart,Wende,90,218
100280,結衣,吉田,81,205
100281,ज़स्विन्देर्,शर्मा,18,147
100282,Brian,Taylor,76,148
100283,Éléonore,Valette,20,105
100284,Heino,Seifert,30,112
100285,Ashley,Mccullough,39,216
100286,浩,岡田,19,235
100287,Nermin,Rogge,88,221
100288,洁,汪,41,185
100289,Tristan,Samson,51,209
100290,Leonel,Borrego,54,144
100291,Hannah,Richardson,29,123
100292,直人,森,79,201
100293,Zoe,Cook,89,158
100294,真綾,藤原,50,203
100295,Édouard,Delaunay,61,228
100296,文,袁,46,168
100297,Cheryl,O'Brien,65,212
100298,Rosaria,Santorio,28,201
100299,Jérôme,Payet,28,124
100300,Patty,Howe,68,113
100301,Kathleen,Edwards,66,212
100302,Bianca,Ferrucci,58,115
100303,Gabrielle,Marie,23,226
100304,Regina,Cervantes,32,105
100305,Sosimo,Monreal,71,239
100306,Leonor,Beltrán,88,182
100307,श्रेष्ठ,ताम्बे,38,232
100308,Suzanne,Barbier,26,110
100309,Espiridión,Cuéllar,83,189
100310,Daniel,Hermighausen,68,135
100311,Dana,Sanchez,79,205
100312,旭,廉,79,116
100313,Louis,Henderson,25,214
100314,Megan,Peterson,31,136
100315,Rotraud,Bähr,36,136
100316,Vanesa,Vélez,23,226
100317,Sol,Monreal,79,179
100318,晃,佐藤,84,195
100319,Priska,Holt,48,173
100320,Caterina,Harloff,74,146
100321,Gordon,Gill,66,210
100322,瑜,贾,45,235
100323,幹,三浦,27,117
100324,George,Scott,82,228
100325,Shirley,Obrien,64,150
100326,अरुंधती,चक्रवर्ती,84,182
100327,Dawn,Garcia,33,231
100328,Jason,Zamora,19,125
100329,संजित,सिंह,28,164
100330,Steffi,Haering,54,124
100331,Nathalie,Monnier,65,244
100332,Shaun,Bartlett,27,178
100333,Benjamin,Lyons,87,134
100334,Gilles,Mace,62,229
100335,Cándido,Aguilar,73,232
100336,直人,山下,78,163
100337,Nicole,Henry,74,102
100338,Ingrid,Kabus,88,103
100339,कालिदास,कौल,63,208
100340,Simone,Meunier,58,178
100341,Christopher,Romero,78,104
100342,Alexandra,Lawrence,55,145
100343,William,Hernandez,28,104
100344,Ettore,Visconti,46,156
100345,Alfred,Schmitt,59,131
100346,Jean,Edwards,50,243
100347,Lynda,Ward,77,229
100348,Achille,Tutino,81,149
100349,Reginald,Williams,73,143
100350,Louis,Allen,37,128
100351,Luise,Hiller,90,101
100352,Édouard,Leclerc,46,158
100353,Éric,Joseph,70,221
100354,लीलावती,डी’कोस्टा,54,215
100355,Ceferino,Mur,34,156
100356,香織,藤井,49,194
100357,Michelle,Hunter,43,131
100358,देवदान,आचार्य,57,168
100359,Nazario,Galiano,81,131
100360,Fortunata,Letta,28,170
100361,प्रसन्न,भट,68,236
100362,सुदर्शन,राय,81,216
100363,Denise,Le,22,168
100364,帆,伍,73,111
100365,波,王,28,188
100366,Cornelio,Saura,88,116
100367,Aimé,Barbier,89,154
100368,Roberto,Pacelli,89,190
100369,Zacharie,Perrot,23,154
100370,淑英,张,22,192
100371,Pina,Tirabassi,56,113
100372,建,杨,58,125
100373,Jessica,Howell,49,242
100374,Joshua,Mclaughlin,76,176
100375,बल,चोपरा,73,187
100376,くみ子,斉藤,81,125
100377,Julien,Peltier,84,179
100378,明美,西村,64,127
100379,Raymond,Baldwin,60,246
100380,Paulino,Andrés,22,227
100381,淳,高橋,51,180
100382,颖,靳,88,231
100383,Stéphane,Guyot,61,216
100384,零,岡本,32,121
100385,Justin,Salas,45,218
100386,静,郭,84,116
100387,Cirino,Gisbert,88,139
100388,Arthur,Seguin,78,198
100389,Anne,Joseph,82,213
100390,Thérèse,Peltier,61,241
100391,Elizabeth,Montes,27,166
100392,Zofia,Möchlichen,86,114
100393,Antonietta,Casadei,20,240
100394,Sabine,Mace,60,154
100395,Fabia,Rossini,21,144
100396,浩,遠藤,68,152
100397,Johnny,Johnson,52,237
100398,充,阿部,69,195
100399,सिद्धार्थ,वेंकटएसन,80,224
100400,Richard,Wood,74,248
100401,Rebecca,Spencer,68,114
100402,千代,高橋,71,125
100403,Erica,Gill,87,243
100404,Stjepan,Steckel,61,245
100405,慧,周,76,156
100406,Norman,Price,52,185
100407,Jérôme,Thierry,76,149
100408,Henriette,Lejeune,26,116
100409,पद्मिनी,चोपरा,58,140
100410,सरला,मालिक,54,178
100411,Annibale,Esposito,88,154
100412,Pamela,Andrade,76,186
100413,Hortense,Dupuis,75,191
100414,दामोदर,दास,89,190
100415,太一,阿部,49,231
100416,Elizabeth,Etzler,55,190
100417,Kaylee,Heath,19,190
100418,Emmanuelle,Pineau,77,162
100419,Allison,Blevins,67,234
100420,Beth,Lee,61,215
100421,Alina,Antonello,47,212
100422,红霞,唐,64,198
100423,शिव,चवन,75,223
100424,Heather,Jackson,68,230
100425,Cheryl,Richardson,59,139
100426,Johanna,Vollbrecht,54,204
100427,康弘,渡辺,49,149
100428,Alexandria,Brun,75,237
100429,Camila,Nebot,52,196
100430,देवी,लोबो,53,223
100431,Costanzo,Bianchi,80,122
100432,Mateo,Anaya,20,100
100433,Oskar,Roskoth,25,182
100434,Zachary,Terrell,80,146
100435,Theo,Henk,56,232
100436,Peter,Sanders,71,148
100437,林,周,56,151
100438,Daniela,Bustamante,55,149
100439,淑兰,卜,89,155
100440,宇,胡,73,222
100441,Graciano,Antúnez,27,134
100442,Roger,Collins,50,203
100443,Donna,Hill,62,233
100444,Silvia,Gomis,57,214
100445,Maureen,Gill,40,235
100446,Tim,Brandt,46,110
100447,Laura,Smith,83,171
100448,Ingetraut,Weitzel,62,107
100449,Édith,Mace,79,199
100450,Paul,Holmes,89,183
100451,秀珍,杨,22,141
100452,जयन्ती,द्विवेदी,37,177
100453,Hannes,Scholl,64,106
100454,Zaira,Calgari,61,161
100455,Carol,Taylor,68,114
100456,想,吴,76,192
100457,María Belén,Borrell,22,189
100458,洋介,山本,24,107
100459,Gioffre,Tamburi,40,240
100460,Billy,Martin,51,227
100461,秀荣,丁,60,234
100462,美加子,佐藤,39,215
100463,Zoé,Hervé,71,111
100464,शनि,चटर्जी,77,196
100465,Suzanne,Roux,67,237
100466,美加子,池田,65,219
100467,श्याम,त्रिवेदी,70,175
100468,William,Mason,84,206
100469,Ashley,Barker,30,245
100470,桃子,遠藤,89,135
100471,Magret,Rogner,41,181
100472,Sabrina,Rhodes,41,125
100473,Ashley,Robinson,23,224
100474,Rocco,Salata,22,118
100475,裕太,阿部,43,145
100476,Costanzo,Curci,57,183
100477,Sally,Lloyd,57,132
100478,Kevin,Stewart,71,248
100479,Valentín,Aguilar,23,204
100480,Jesus,Hodges,29,160
100481,प्रभु,छेत्री,88,194
100482,Dean,Phillips,84,193
100483,Jordan,Norris,73,243
100484,Ian,Clarke,71,224
100485,दमयंती,चोधरी,29,101
100486,Anthony,Gilbert,65,114
100487,जयन्त,लोबो,73,124
100488,Úrsula,Naranjo,84,185
100489,Christa,Dehmel,43,110
100490,Angelica,Ciampi,56,236
100491,Lauren,Richardson,34,167
100492,Benjamin,Boyer,75,135
100493,Nadeshda,Barth,62,107
100494,Donald,Hill,41,123
100495,Ashley,Ramirez,28,141
100496,Rogelio,Sevilla,64,213
100497,Juergen,Hermann,80,238
100498,Clifford,King,88,148
100499,Michelle,Fischer,57,225
100500,平,贾,33,132
100501,Roberto,Mcknight,41,235
100502,नंद,बनर्जी,32,137
100503,Misty,Martinez,25,226
100504,Frank-Peter,Jungfer,32,155
100505,Vincent,Tanguy,68,237
100506,Freya,Graf,59,226
100507,Jayne,Lowe,22,193
100508,Lucrezia,Pacelli,43,214
100509,くみ子,藤井,40,138
100510,Patrick,Williams,77,159
100511,Albert,Howard,78,142
100512,Janine,Lorch,80,223
100513,Pamela,Cooley,61,172
100514,俊,杨,43,199
100515,Claudio,Bragadin,32,143
100516,Angela,West,56,139
100517,Adriana,Andreozzi,68,156
100518,Baccio,Ramazzotti,58,143
100519,Lucas,Massey,71,194
100520,Amy,Medina,82,206
100521,Steven,Ward,57,218
100522,Geoffrey,Thompson,18,218
100523,健,任,32,147
100524,Carla,Escobar,86,145
100525,África,Piñeiro,20,171
100526,आभा,मिस्त्री,25,194
100527,結衣,阿部,23,110
100528,Friedemann,Kohl,51,114
100529,Whitney,Walter,59,168
100530,Neil,Newman,69,102
100531,Hanni,Dussen van,39,216
100532,Rémy,Guyon,27,213
100533,Dustin,Gonzalez,35,124
100534,Amanda,Hopkins,79,160
100535,Craig,Moss,42,200
100536,Chantal,Pierre,51,148
100537,Michelle,Boyd,89,175
100538,Lewis,Hilton,21,115
100539,明美,佐藤,69,131
100540,Jason,Zavala,83,105
100541,充,田中,82,134
100542,Terry,Watson,39,138
100543,Cameron,Bishop,85,232
100544,ओम,मेहता,77,239
100545,Samuel,Lee,74,192
100546,Úrsula,Jaén,31,211
100547,काम,दुत्ता,70,106
100548,Justin,Fox,22,119
100549,京助,加藤,46,147
100550,七夏,鈴木,62,115
100551,पूर्णिमा,महरा,38,186
100552,Rubén,Somoza,20,196
100553,Giuliana,Dulbecco,83,236
100554,Diane,Seguin,66,149
100555,Samuel,Cummings,62,183
100556,Guido,Curatoli,83,177
100557,कशोर,शर्मा,43,146
100558,Filippa,Innocenti,70,217
100559,Silvio,Miranda,23,142
100560,Aaron,Davies,90,242
100561,Mohamed,Mills,33,103
100562,くみ子,高橋,18,188
100563,Philip,Weaver,29,164
100564,Jill,Davies,62,223
100565,Charles,Turner,55,179
100566,Paul,Wright,33,137
100567,Coluccio,Gaggini,63,249
100568,Valérie,Joly,75,197
100569,गुलज़ार,छेत्री,83,168
100570,Henri,Diaz,80,136
100571,Kerry,Watkins,43,102
100572,Kenneth,White,84,167
100573,磊,陈,90,105
100574,聡太郎,小林,60,165
100575,宁,何,63,237
100576,Octavia,Morales,54,172
100577,冬梅,詹,84,168
100578,Guarino,Murri,42,139
100579,裕樹,森,68,108
100580,Reyes,Dávila,78,170
100581,洋,陈,70,169
100582,Jason,Harrison,86,196
100583,Jesus,Nelson,38,222
100584,April,Jacobson,26,142
100585,Perla,Malo,18,176
100586,美加子,池田,32,247
100587,学,佐藤,68,169
100588,Vanessa,White,48,181
100589,Ryan,Madden,66,185
100590,Melissa,Riley,25,188
100591,Rolando,Schicchi,87,189
100592,杨,左,65,217
100593,Ellie,Parker,30,125
100594,Samantha,Blackwell,46,147
100595,Eberhardt,Hauffer,74,134
100596,Tonya,Lara,39,195
100597,千代,石川,63,204
100598,Élise,Traore,40,111
100599,Michelotto,Borsellino,25,194
100600,Thérèse,Picard,48,132
100601,丽娟,毕,26,216
100602,淑华,潘,73,100
100603,飞,李,31,242
100604,Victoire,Dumas,18,235
100605,Carla,Borzomì,33,196
100606,春香,中川,27,180
100607,वसन्त,बनर्जी,22,141
100608,Samantha,Howell,73,143
100609,Amélie,Jacob,27,234
100610,Anne,George,44,113
100611,Paul,Marion,71,132
100612,东,高,20,176
100613,玉珍,李,26,197
100614,Anett,Wirth,50,250
100615,Danilo,Estrada,54,109
100616,ऋषि,त्रिवेदी,67,123
100617,अनिला,सेन,48,173
100618,Delfino,Morellato,51,205
100619,Cruz,Esteban,31,121
100620,Fernanda,Mondadori,32,164
100621,想,陈,43,168
100622,Shawn,Thomas,27,240
100623,नीरव,आचार्य,32,182
100624,結衣,遠藤,30,151
100625,太一,福田,71,161
100626,पीताम्बर,शुक्ला,47,177
100627,Hiltrud,Dietz,73,199
100628,Morgan,Pruitt,76,132
100629,Robert,Massey,46,199
100630,Benoît,Clerc,27,163
100631,Susan,Osborne,59,239
100632,Friedlinde,Segebahn,40,192
100633,さゆり,阿部,53,232
100634,गोतम,भरद्वाज,78,153
100635,Brenda,Hampton,71,135
100636,Jennifer,Scott,72,129
100637,晶,朱,38,181
100638,京助,加藤,68,154
100639,Heinrich,Austermühle,59,236
100640,Beverley,Wilson,47,106
100641,Justin,Atkinson,40,229
100642,Ana,Jordan,30,153
100643,William,Fernandez,38,234
100644,Paola,Morellato,74,212
100645,Giacobbe,Pasqua,58,192
100646,Irene,Jones,29,208
100647,Bryan,Smith,19,220
100648,Silvio,Ruano,58,106
100649,和也,佐々木,40,112
100650,Shelly,Collins,54,250
100651,桂芝,赵,18,138
100652,Jonathan,Moore,30,109
100653,Curtis,Miller,26,162
100654,June,Lucas,40,174
100655,陽子,小林,43,133
100656,Eva María,Uría,67,132
100657,Michel,Duhamel,58,161
100658,丽丽,黄,28,234
100659,Milagros,Taboada,22,137
100660,Íngrid,Millán,39,111
100661,अवनी,दास,18,199
100662,兵,高,54,109
100663,रामकृष्ण,नायर,72,229
100664,加奈,岡田,49,205
100665,Max,Short,35,218
100666,Felicia,Pardo,54,134
100667,桂英,李,53,173
100668,稔,松本,48,220
100669,裕美子,村上,41,156
100670,Aaron,Williams,71,237
100671,रजनी,पवार,27,229
100672,Hans-Peter,Dörr,74,149
100673,Ryan,Butler,44,167
100674,Modesto,Marti,66,243
100675,Hélène,Noël,56,127
100676,Reina,Salvador,69,194
100677,裕太,伊藤,50,232
100678,प्रमोद,हजारिका,38,170
100679,Marie-Theres,Trapp,43,126
100680,June,Stephens,19,142
100681,Gregory,Lamb,49,240
100682,William,Carr,39,106
100683,Karola,Koch,29,180
100684,Melissa,Stanton,48,237
100685,Christian,Stephens,59,175
100686,結衣,遠藤,62,128
100687,Connor,Cuevas,41,146
100688,Ashleigh,Jackson,86,126
100689,Jake,Morgan,58,230
100690,Connor,Berg,46,189
100691,Annette,Hoover,48,119
100692,Katherine,Baker,39,250
100693,娟,李,79,142
100694,Antoinette,Lacroix,84,235
100695,金凤,赵,48,165
100696,Juan Carlos,Santana,79,138
100697,Kathy,Scott,18,232
100698,Marian,Baker,82,183
100699,Sancho,Batlle,44,103
100700,Leonhard,Hörle,77,146
100701,Roberta,Gritti,28,181
100702,岩,牛,30,185
100703,Louis,Green,52,216
100704,桃子,山下,72,176
100705,Miguel,Pintor,38,217
100706,Allison,Hendricks,63,244
100707,Anne,Laporte,57,206
100708,Lorraine,Moss,64,170
100709,Émile,Gaillard,54,203
100710,Jose Francisco,Laguna,22,247
100711,रवि,साहा,80,105
100712,Martha,Crawford,72,210
100713,Lindsay,Kemp,23,110
100714,Nicola,Natta,49,149
100715,Lupita,Jerez,82,202
100716,裕美子,佐藤,78,135
100717,Stacy,Hawkins,62,128
100718,Atenulf,Nicolini,21,110
100719,सुशील,मेनन,44,189
100720,Jennifer,Grant,74,187
100721,Ennio,Caetani,49,113
100722,सरला,राव,37,165
100723,Katy,Hall,37,122
100724,淑兰,刘,73,235
100725,Abraham,Valencia,23,134
100726,Vincent,Charles,66,233
100727,John,Keller,57,232
100728,Erin,Johnson,33,193
100729,Nathalie,Parent,46,199
100730,Michelle,Dennis,58,230
100731,Gilles,Lacombe,60,159
100732,Heather,Mcclain,64,120
100733,अमृत,डी’कोस्टा,60,207
100734,Brian,Alvarez,57,155
100735,想,白,51,159
100736,Norma,Gates,38,188
100737,秀珍,张,25,213
100738,निखिल,कुमार,44,131
100739,直子,青木,85,116
100740,Angela,Matthews,21,152
100741,Tony,Anderson,28,239
100742,गीता,खान,21,195
100743,Micheletto,Pirandello,32,220
100744,Nicola,Fletcher,85,187
100745,Florencio,Román,63,206
100746,Martino,Galuppi,30,134
100747,Sarita,Alfaro,63,244
100748,Jason,Wood,37,100
100749,Ryan,Baker,75,176
100750,Austin,Jenkins,71,156
100751,Mehmet,Trubin,64,236
100752,André,Ortmann,75,244
100753,拓真,渡辺,29,130
100754,Annette,Gill,63,231
100755,Hans-Jochen,Jäntsch,39,203
100756,Steven,Clark,23,235
100757,Sante,Casellati,87,247
100758,Brian,Jackson,37,151
100759,María Dolores,Cañete,22,154
100760,淳,山口,69,146
100761,तृष्णा,सैनी,36,100
100762,पद्म,थापा,78,128
100763,Veli,Pölitz,28,175
100764,Edu,Feliu,55,157
100765,अंकुर,देशपांडे,51,225
100766,रवि,तिवारी,28,135
100767,Madison,Mason,34,175
100768,Graham,Evans,21,227
100769,Robert,Robertson,44,226
100770,Sandra,Thomas,69,238
100771,Robert,Huynh,71,123
100772,Shaun,Richardson,89,211
100773,Isaura,Flor,40,195
100774,Maureen,Pickering,18,181
100775,Cecilia,Palombi,27,100
100776,Janice,Adams,75,141
100777,रश्मी,सिंह,62,109
100778,ऋषि,चौहान,64,155
100779,Katherine,Raymond,85,203
100780,विनय,तिवारी,18,244
100781,Nicolasa,Cano,81,190
100782,Jeffrey,Harrison,66,218
100783,Loretta,Filippelli,44,126
100784,Orhan,Scheuermann,79,197
100785,浩,胡,77,126
100786,Pauline,Turner,55,157
100787,Sandra,Figueroa,29,202
100788,Caterina,Berger,21,218
100789,花子,山口,42,189
100790,África,Pedrero,42,120
100791,Loreto,Gual,75,136
100792,桂芝,郑,84,187
100793,Rhonda,Austin,22,142
100794,Christopher,Cain,63,241
100795,Renata,Manzano,28,151
100796,琳,高,54,209
100797,Frédéric,Bernier,45,189
100798,Elisa,Tena,53,239
100799,里佳,佐藤,71,192
100800,Carl,Rudolph,50,195
100801,Théophile,Letellier,67,111
100802,Quirino,Hurtado,53,176
100803,लक्ष्मी,कलिता,68,173
100804,春香,鈴木,37,217
100805,海燕,史,59,168
100806,Mar,Castejón,56,182
100807,मानदीप,महरा,50,171
100808,Dina,Perini,72,172
100809,晨,阴,83,140
100810,Timothy,Kelly,79,100
100811,京助,渡辺,76,120
100812,Marie,Davis,54,125
100813,Gunter,Holzapfel,73,174
100814,花子,斉藤,25,133
100815,Bernd-Dieter,Mende,41,114
100816,Godofredo,Pla,72,182
100817,Marian,Wood,50,168
100818,Artemio,Larrea,21,172
100819,Ramazan,Schaaf,64,163
100820,Charlie,Wheeler,48,134
100821,Leandro,Serna,66,249
100822,翼,山下,53,170
100823,Chantal,Leroy,49,144
100824,Genoveva,Quero,43,226
100825,Anthony,Stevenson,66,174
100826,मोहिनी,मालिक,88,195
100827,Joseph,Nelson,37,248
100828,Stephen,Martinez,65,219
100829,Tiziano,Scandone,60,226
100830,Lucy,Jourdan,89,173
100831,देवदास,चटर्जी,58,183
100832,Jon,Burch,34,177
100833,Bethany,Marshall,80,192
100834,अनन्‍त,पवार,27,240
100835,直子,阿部,23,127
100836,翔太,坂本,39,146
100837,Cassandra,Riley,46,109
100838,प्रेमा,चौहान,63,206
100839,Joan,Mason,46,135
100840,Roberta,Herrera,38,131
100841,裕樹,松本,24,223
100842,Ilse,Dietz,49,225
100843,くみ子,山口,34,164
100844,Owen,Gregory,33,135
100845,लीना,कदम,76,225
100846,欢,张,83,159
100847,里佳,木村,37,131
100848,Luigina,Bombieri,22,233
100849,Pauline,Gay,66,224
100850,Margaud,Gimenez,24,112
100851,Hélène,Robert,24,234
100852,अरुणा,गोयल,51,228
100853,Chantal,Guichard,59,249
100854,Borja,Menéndez,76,244
100855,Eberhard,Geisler,67,152
100856,Frank,Crawford,50,199
100857,Laure,Pruvost,69,127
100858,रामकृष्ण,दासगुप्ता,58,194
100859,坤,赖,77,164
100860,Auguste,Monnier,59,101
100861,Alessio,Trillini,55,241
100862,花子,遠藤,43,125
100863,鹏,何,68,112
100864,Alan,Erickson,66,202
100865,健一,藤田,21,165
100866,Imelda,Martin,66,130
100867,Santino,Fischetti,87,135
100868,Ann,Hernandez,32,195
100869,Severiano,Corominas,61,114
100870,Suzanne,Barrera,90,239
100871,William,Lucas,64,141
100872,Timothée,Lévy,76,242
100873,Pamela,Moreno,29,142
100874,さゆり,斉藤,55,218
100875,涼平,岡本,43,202
100876,Arnaude,Guérin,67,127
100877,真綾,松本,79,203
100878,धवल,वेंकटएसन,40,111
100879,सुरेन्द्र,सिंह,56,167
100880,Maria,Mcgrath,51,162
100881,Valentin,Christoph,58,228
100882,建军,黄,85,146
100883,峰,宋,42,215
100884,太一,松本,45,188
100885,Jacques,Joubert,18,203
100886,Aimee,Ellison,72,246
100887,Nathan,Forbes,47,230
100888,Herminia,Osorio,28,162
100889,Noemí,Asenjo,36,127
100890,Jay,Phillips,86,205
100891,Patrick,Besson,34,238
100892,Danielle,Blake,42,213
100893,彬,李,39,183
100894,Kim,Webb,50,228
100895,Nicolas,Moreno,54,139
100896,波,叶,55,249
100897,Concepción,Quero,44,210
100898,Elena,Pinedo,73,126
100899,英樹,小林,43,235
100900,Hiltraud,Kambs,40,235
100901,Emily,Vance,69,246
100902,修平,前田,28,117
100903,Vincent,Schmitt,89,205
100904,直樹,田中,62,206
100905,Pellegrino,Donarelli,41,115
100906,Mark,Walton,47,145
100907,Ottilie,Ziegert,52,217
100908,Ernst,Römer,58,111
100909,Nicholas,Terry,57,167
100910,Baccio,Porcellato,79,195
100911,Stefani,Tomasini,69,134
100912,Carl,Kelly,50,119
100913,Elena,Heydrich,44,248
100914,Lope,Ruano,86,194
100915,Matthew,Reyes,50,110
100916,Damián,Valencia,69,112
100917,लता,प्रसाद,49,168
100918,Mary,Blümel,56,243
100919,京助,高橋,28,196
100920,Marc,Townsend,89,169
100921,Luigi,Rossi,74,164
100922,春香,佐藤,40,234
100923,Pina,Natta,59,187
100924,Augustin,Lefort,84,250
100925,आदित्य,श्रीवास्तव,61,109
100926,विवेक,सुब्रमण्यम,36,162
100927,Domenico,Toselli,76,215
100928,倩,连,82,206
100929,秀珍,彭,41,172
100930,आनन्दा,चौहान,79,250
100931,Laure,Grenier,26,130
100932,桂花,盛,82,168
100933,涛,陆,53,105
100934,淳,小川,76,210
100935,Severino,Borromini,64,129
100936,Amanda,Clemente,56,187
100937,Eraldo,Malacarne,78,131
100938,Glenn,Johnson,76,148
100939,Craig,Navarro,85,136
100940,Margot,Sontag,70,180
100941,建平,孙,41,107
100942,Felizitas,Lehmann,46,172
100943,Donald,Gregory,64,146
100944,Rachael,Stewart,63,246
100945,María José,Cuevas,42,213
100946,Émile,Baron,71,155
100947,Ariadna,Priego,21,174
100948,Christine,Delmas,70,113
100949,篤司,加藤,73,242
100950,Nedda,Chittolini,18,250
100951,Roger,Neuschäfer,18,123
100952,Saskia,Holt,61,119
100953,महात्मा,सुब्रमण्यम,27,140
100954,Lauretta,Piccio,39,127
100955,丽华,宁,78,161
100956,Jayne,Woods,76,182
100957,Alessia,Biagi,22,168
100958,William,Goodman,22,120
100959,Leigh,Berry,47,132
100960,建军,刘,48,112
100961,पीताम्बर,देशपांडे,41,248
100962,Andrea,Robinson,30,229
100963,Fernanda,Montero,36,103
100964,स्वर्ण,गुहा,28,144
100965,Angela,Bird,81,170
100966,春香,青木,68,238
100967,सीता,शुक्ला,81,205
100968,Louise,Martins,30,159
100969,Kayla,Gonzalez,53,174
100970,Javier,Abascal,59,222
100971,Karl,Miller,72,247
100972,建华,钟,25,172
100973,燕,郑,18,161
100974,Noémi,Foucher,47,161
100975,Anselma,Andrade,57,165
100976,Nathalie,Couturier,41,102
100977,गोपीनाथ,भट,60,170
100978,Elaine,Sheppard,80,242
100979,Claas,Neureuther,74,158
100980,Nathaniel,Floyd,90,245
100981,Ariel,Quinn,87,197
100982,Harry,Juncken,86,228
100983,Holly,Calhoun,85,214
100984,Mariano,Rosado,46,164
100985,Anthony,Miles,88,142
100986,Adora,Núñez,77,134
100987,Milica,Mälzer,27,125
100988,Kathryn,Fisher,27,132
100989,Roberto,Cocci,67,157
100990,Donna,Johnson,58,139
100991,Lisa,Schicchi,50,106
100992,Aaron,Howe,67,212
100993,निखिल,महरा,21,161
100994,Brianna,Navarro,32,233
100995,Isaac,Delahaye,51,110
100996,Janko,Riehl,58,155
100997,Gregory,Bryan,77,180
100998,Carmela,Jiménez,62,211
100999,अनिरुद्ध,तिवारी,49,191
101000,Jean,Maurice,55,211
